{"stats":{"minecraft:mined":{"minecraft:grass_block":1},"minecraft:custom":{"minecraft:jump":3,"minecraft:time_since_rest":94251,"minecraft:leave_game":1,"minecraft:damage_dealt":36,"minecraft:crouch_one_cm":99,"minecraft:sprint_one_cm":52,"minecraft:play_time":94251,"minecraft:time_since_death":94251,"minecraft:walk_one_cm":2450,"minecraft:sneak_time":44,"minecraft:total_world_time":94251,"minecraft:fly_one_cm":10044},"minecraft:picked_up":{"minecraft:dirt":1},"minecraft:used":{"minecraft:dirt":1,"john_mod_reborn:john_spawn_egg":1,"minecraft:grass_block":2}},"DataVersion":2975}