{"stats":{"minecraft:picked_up":{"minecraft:dirt":1},"minecraft:mined":{"minecraft:grass_block":1},"minecraft:custom":{"minecraft:jump":14,"minecraft:time_since_rest":100141,"minecraft:damage_dealt":36,"minecraft:crouch_one_cm":141,"minecraft:leave_game":1,"minecraft:play_time":100141,"minecraft:sprint_one_cm":1575,"minecraft:time_since_death":100141,"minecraft:walk_one_cm":3882,"minecraft:sneak_time":55,"minecraft:total_world_time":100141,"minecraft:fly_one_cm":11727},"minecraft:used":{"minecraft:dirt":1,"minecraft:grass_block":3,"john_mod_reborn:john_spawn_egg":1}},"DataVersion":2975}