{
  "usefulhats:recipes/combat/shulker_helmet": {
    "criteria": {
      "has_shulker_shell": "2024-08-01 05:47:39 +0000"
    },
    "done": true
  },
  "usefulhats:recipes/combat/chopping_hat": {
    "criteria": {
      "has_rabbit_hide": "2024-08-01 05:47:39 +0000"
    },
    "done": true
  },
  "incendium:technical/on_block": {
    "criteria": {
      "log_spam_fixer": "2024-08-01 07:26:47 +0000"
    },
    "done": false
  },
  "pfm:grant_book_on_first_join": {
    "criteria": {
      "tick": "2024-08-01 05:47:39 +0000"
    },
    "done": true
  },
  "incendium:technical/using/trailblazer": {
    "criteria": {
      "log_spam_fixer": "2024-08-01 05:47:40 +0000"
    },
    "done": false
  },
  "upgradednetherite:recipes/upgraded_netherite_chestplate_smithing": {
    "criteria": {
      "has_netherite_chestplate": "2024-08-01 05:47:39 +0000"
    },
    "done": true
  },
  "exoticbirds:recipes/phoenix_egg_from_water_phoenix": {
    "criteria": {
      "has_egg": "2024-08-01 05:47:39 +0000"
    },
    "done": true
  },
  "upgradednetherite:recipes/upgraded_netherite_helmet_smithing": {
    "criteria": {
      "has_netherite_helmet": "2024-08-01 05:47:39 +0000"
    },
    "done": true
  },
  "incendium:technical/scroll_of_returning": {
    "criteria": {
      "log_spam_fixer": "2024-08-01 05:47:40 +0000"
    },
    "done": false
  },
  "incendium:technical/multiplex_crossbow": {
    "criteria": {
      "log_spam_fixer": "2024-08-01 07:26:47 +0000"
    },
    "done": false
  },
  "exoticbirds:recipes/phoenix_egg_from_nether_phoenix": {
    "criteria": {
      "has_egg": "2024-08-01 05:47:39 +0000"
    },
    "done": true
  },
  "exoticbirds:default/root": {
    "criteria": {
      "launch_mod": "2024-08-01 05:47:40 +0000"
    },
    "done": true
  },
  "upgradednetherite:recipes/upgraded_netherite_shovel_smithing": {
    "criteria": {
      "has_netherite_shovel": "2024-08-01 05:47:39 +0000"
    },
    "done": true
  },
  "majruszsdifficulty:progressive_difficulty/normal_mode": {
    "criteria": {
      "game_state": "2024-08-01 05:47:39 +0000"
    },
    "done": true
  },
  "incendium:technical/firestorm": {
    "criteria": {
      "log_spam_fixer": "2024-08-01 07:26:47 +0000"
    },
    "done": false
  },
  "minecraft:adventure/adventuring_time": {
    "criteria": {
      "minecraft:plains": "2024-08-01 05:47:40 +0000"
    },
    "done": false
  },
  "upgradednetherite:recipes/upgraded_netherite_upgrade_smithing": {
    "criteria": {
      "has_netherite_ingot": "2024-08-01 05:47:39 +0000"
    },
    "done": true
  },
  "incendium:technical/using/ragnarok": {
    "criteria": {
      "log_spam_fixer": "2024-08-01 05:47:40 +0000"
    },
    "done": false
  },
  "exoticbirds:recipes/phoenix_egg_from_cloud_phoenix": {
    "criteria": {
      "has_egg": "2024-08-01 05:47:39 +0000"
    },
    "done": true
  },
  "upgradednetherite:recipes/upgraded_netherite_axe_smithing": {
    "criteria": {
      "has_netherite_axe": "2024-08-01 05:47:39 +0000"
    },
    "done": true
  },
  "usefulhats:recipes/combat/ender_helmet": {
    "criteria": {
      "has_ender_pearl": "2024-08-01 05:47:39 +0000"
    },
    "done": true
  },
  "incendium:technical/inventory/sentrys_wrath": {
    "criteria": {
      "log_spam_fixer": "2024-08-01 07:26:47 +0000"
    },
    "done": false
  },
  "usefulhats:recipes/combat/wing_helmet": {
    "criteria": {
      "has_feather": "2024-08-01 05:47:39 +0000",
      "has_phantom_membrane": "2024-08-01 05:47:39 +0000"
    },
    "done": true
  },
  "exoticbirds:recipes/phoenix_egg_from_fire_phoenix": {
    "criteria": {
      "has_egg": "2024-08-01 05:47:39 +0000"
    },
    "done": true
  },
  "upgradednetherite:recipes/upgraded_netherite_pickaxe_smithing": {
    "criteria": {
      "has_netherite_pickaxe": "2024-08-01 05:47:39 +0000"
    },
    "done": true
  },
  "incendium:technical/new_player": {
    "criteria": {
      "requirement": "2024-08-01 05:47:40 +0000"
    },
    "done": true
  },
  "upgradednetherite:recipes/netherite_horse_armor": {
    "criteria": {
      "has_netherite_ingot": "2024-08-01 05:47:39 +0000"
    },
    "done": true
  },
  "upgradednetherite:recipes/upgraded_netherite_leggings_smithing": {
    "criteria": {
      "has_netherite_leggings": "2024-08-01 05:47:39 +0000"
    },
    "done": true
  },
  "incendium:technical/holy_wrath": {
    "criteria": {
      "log_spam_fixer": "2024-08-01 07:26:47 +0000"
    },
    "done": false
  },
  "incendium:technical/inventory/firestorm": {
    "criteria": {
      "log_spam_fixer": "2024-08-01 07:26:47 +0000"
    },
    "done": false
  },
  "exoticbirds:recipes/phoenix_egg_from_desert_phoenix": {
    "criteria": {
      "has_egg": "2024-08-01 05:47:39 +0000"
    },
    "done": true
  },
  "usefulhats:recipes/combat/bunny_ears": {
    "criteria": {
      "has_rabbit_hide": "2024-08-01 05:47:39 +0000",
      "has_carrot": "2024-08-01 05:47:39 +0000"
    },
    "done": true
  },
  "exoticbirds:recipes/phoenix_egg_from_twilight_phoenix": {
    "criteria": {
      "has_egg": "2024-08-01 05:47:39 +0000"
    },
    "done": true
  },
  "mowziesmobs:root": {
    "criteria": {
      "custom_test_name": "2024-08-01 05:47:40 +0000"
    },
    "done": true
  },
  "upgradednetherite:recipes/upgraded_netherite_horse_armor": {
    "criteria": {
      "has_netherite_ingot": "2024-08-01 05:47:39 +0000"
    },
    "done": true
  },
  "upgradednetherite:recipes/upgraded_netherite_bow_smithing": {
    "criteria": {
      "has_netherite_bow": "2024-08-01 05:47:39 +0000"
    },
    "done": true
  },
  "exoticbirds:recipes/phoenix_egg_from_snowy_phoenix": {
    "criteria": {
      "has_egg": "2024-08-01 05:47:39 +0000"
    },
    "done": true
  },
  "incendium:technical/on_kill": {
    "criteria": {
      "log_spam_fixer": "2024-08-01 07:26:47 +0000"
    },
    "done": false
  },
  "incendium:technical/on_player_hurt": {
    "criteria": {
      "log_spam_fixer": "2024-08-01 07:26:47 +0000"
    },
    "done": false
  },
  "tombstone:adventure/root": {
    "criteria": {
      "auto": "2024-08-01 05:47:40 +0000"
    },
    "done": true
  },
  "upgradednetherite:recipes/upgraded_netherite_ingot": {
    "criteria": {
      "has_netherite_ingot": "2024-08-01 05:47:39 +0000"
    },
    "done": true
  },
  "cataclysm:root": {
    "criteria": {
      "custom_test_name": "2024-08-01 05:47:40 +0000"
    },
    "done": true
  },
  "incendium:technical/sentrys_wrath": {
    "criteria": {
      "log_spam_fixer": "2024-08-01 07:26:47 +0000"
    },
    "done": false
  },
  "dungeons_arise:wda_root": {
    "criteria": {
      "WDA": "2024-08-01 05:47:40 +0000"
    },
    "done": true
  },
  "exoticbirds:recipes/phoenix_egg_from_ender_phoenix": {
    "criteria": {
      "has_egg": "2024-08-01 05:47:39 +0000"
    },
    "done": true
  },
  "usefulhats:recipes/combat/halo": {
    "criteria": {
      "has_nether_star": "2024-08-01 05:47:39 +0000"
    },
    "done": true
  },
  "exoticbirds:recipes/phoenix_egg_from_skeleton_phoenix": {
    "criteria": {
      "has_egg": "2024-08-01 05:47:39 +0000"
    },
    "done": true
  },
  "upgradednetherite:recipes/upgraded_netherite_sword_smithing": {
    "criteria": {
      "has_netherite_sword": "2024-08-01 05:47:39 +0000"
    },
    "done": true
  },
  "upgradednetherite:recipes/upgraded_netherite_boots_smithing": {
    "criteria": {
      "has_netherite_boots": "2024-08-01 05:47:39 +0000"
    },
    "done": true
  },
  "exoticbirds:recipes/egg_incubator": {
    "criteria": {
      "has_bucket": "2024-08-01 05:47:39 +0000",
      "has_flint": "2024-08-01 05:47:39 +0000"
    },
    "done": true
  },
  "usefulhats:recipes/combat/aquanaut_helmet": {
    "criteria": {
      "has_turtle_helmet": "2024-08-01 05:47:39 +0000"
    },
    "done": true
  },
  "usefulhats:recipes/combat/stocking_cap": {
    "criteria": {
      "has_string": "2024-08-01 05:47:39 +0000"
    },
    "done": true
  },
  "usefulhats:recipes/combat/lucky_hat": {
    "criteria": {
      "has_rabbit_foot": "2024-08-01 05:47:39 +0000"
    },
    "done": true
  },
  "usefulhats:recipes/combat/mining_hat": {
    "criteria": {
      "has_gold_ingot": "2024-08-01 05:47:39 +0000",
      "has_glowstone_dust": "2024-08-01 05:47:39 +0000"
    },
    "done": true
  },
  "whisperwoods:recipes/whisperwoods/hand_of_fate": {
    "criteria": {
      "has_blaze_powder": "2024-08-01 05:47:39 +0000"
    },
    "done": true
  },
  "exoticbirds:recipes/egg_identifier": {
    "criteria": {
      "has_bucket": "2024-08-01 05:47:39 +0000"
    },
    "done": true
  },
  "incendium:technical/using/shield": {
    "criteria": {
      "log_spam_fixer": "2024-08-01 05:47:40 +0000"
    },
    "done": false
  },
  "usefulhats:recipes/combat/straw_hat": {
    "criteria": {
      "has_wheat": "2024-08-01 05:47:39 +0000"
    },
    "done": true
  },
  "incendium:technical/on_inventory_change": {
    "criteria": {
      "log_spam_fixer": "2024-08-01 07:26:47 +0000"
    },
    "done": false
  },
  "usefulhats:recipes/combat/postman_hat": {
    "criteria": {
      "has_lapis_lazuli": "2024-08-01 05:47:39 +0000",
      "has_gold_nugget": "2024-08-01 05:47:39 +0000"
    },
    "done": true
  },
  "DataVersion": 2975
}